Conyers, Aarts, 3772 Dandenong Parade, RYDALMERE, NSW, 2116
Gavivi, Aarts, 4893 Lucerne Arcade, DENMAN, NSW, 2328
Mikasi, Abdullah, 1245 Harper Esplanade, NEWPORT, NSW, 2106
Overton, Abels, 765 Lilac Esplanade, BLAXLAND, NSW, 2774
June, Ackland, 3791 Dickens Crossing, MOUNT VINCENT, NSW, 2323
Marvin, Acme, 1059 Monaro Crossing, SIDMOUTH, TAS, 7270
Kai, Adami, 1995 Zig zag Parade, JAMBIN, QLD, 4702
Zaide, Adams, 1823 Price Place, DEDERANG, VIC, 3691
Galadriel, Alatariel, 2311 Laburnum Ridge, ESPERANCE, WA, 6450
Zack, Allan, 2384 Janet Arcade, BUNBARTHA, VIC, 3634
Almira, Alsop, 3736 Aspen Course, GUNDAROO, NSW, 2620
Doyt, Ambrose, 3855 Brimbank Circle, HAPPY VALLEY, SA, 5159
Tyr, Anastazi, 3464 Eagle Crescent, BERKELEY, NSW, 2506
Thomas, Anderson, 1851 Stawell Close, NORTH HAVEN, SA, 5018
ndromeda, Andromeda, 2036 Stanhope Grove, ROCKY HALL, NSW, 2550
Keely, Anthes, 323 Rodney Square, MILTON, QLD, 4064
Jonathan, Archer, 2947 Hodgson Crossing, MONAK, NSW, 2738
Karli, Archibald, 4 Blessington Esplanade, CLARENDON, VIC, 3352
Dale, Arden, 2293 Orana Plaza, HOPELAND, QLD, 4413
Willy, Armitage, 1910 Morgan Arcade, RIVERHILLS, QLD, 4074
Maximillian, Arturo, 795 Lawrence Alley, PARKFIELD, WA, 6233
Serendipity, Ase, 2566 Capitol Plaza, KLEINTON, QLD, 4352
Luke, Ashton, 1989 Fraser Avenue, CHIFLEY, ACT, 2606
Marcus, Aurelius, 986 Hoddle Road, EDEN, NSW, 2551
Jamie, Avery, 3065 Beacon Arcade, WARNBRO, WA, 6169
Kerr, Avon, 1237 Cecil Grove, FITZGIBBON, QLD, 4018
Dermot, Azuaje, 3943 Hayes Parade, CHEVRON ISLAND, QLD, 4217
Bilbo, Baggins, 3028 South Promenade, ENEABBA, WA, 6518
Frodo, Baggins, 448 Dunlop Promenade, GREENSBOROUGH, VIC, 3088
Yahto, Bailey, 2565 Wallace Square, DARGALONG, VIC, 3608
Gisela, Bamford, 2683 Farmer Highway, BUCKLEY, VIC, 3240
Bash, Band, 5 Little Esplanade, SORRENTO, QLD, 4217
Reginald, Barclay, 250 Carson Road, COWALELLUP, WA, 6336
Asha, Barlow, 605 Gilbert Avenue, BURRA, SA, 5417
Mrs, Barly, 4924 Cleeland Esplanade, PORT MELBOURNE, VIC, 3207
Jacob, Barnhardt, 2531 Clarke Street, KUNYUNG, VIC, 3930
Bonnie, Barstow, 1603 Webb Road, CALCA, SA, 5671
Julian, Bashir, 2673 Industrial Walk, SAMSONVALE, QLD, 4520
Roy, Batty, 176 Brougham Circle, ENFIELD, SA, 5085
Ardeth, Bay, 2360 Lexton Crescent, MARMONG POINT, NSW, 2284
Kyle, Beck, 1505 East Promenade, BLUE ROCKS, TAS, 7255
Zaphod, Beeblebrox, 4331 Jill Avenue, CURLEWIS, VIC, 3222
Don, Beech, 2639 Sinclair Grove, GLANDORE, SA, 5037
Malcolm, Belew, 4745 Mantague Chase, GUANABA, QLD, 4210
Tiffany, Belford, 829 Riverside Alley, THE OAKS, NSW, 2570
Julianne, Belman, 103 Cassia Grove, MOUNT SEYMOUR, TAS, 7120
Rev, Bem, 1055 Kenilworth Ridge, TENNYSON, VIC, 3572
Elizabeth, Bennett, 1738 Margaret Road, DANDENONG, VIC, 3175
Helen, Benson, 1118 Bailey Crescent, BARNEY POINT, QLD, 4680
Zili, Benson, 1706 Second Concourse, WORSLEY, WA, 6225
Bobby, Benson, 4582 Mathers Parade, WESTVILLE, NSW, 2794
Jenny, Bent, 541 Tea tree Crescent, SPOTSWOOD, VIC, 3015
Jory, Bergmann, 2012 Gladstone Arcade, MULGA DOWNS, WA, 6751
Primo, Bergmann, 1597 Regent Street, CANNINGTON, WA, 6107
Mea, Berlin, 26 Lucerne Grange, BENDIGO, VIC, 3550
Ovid, Berlin, 1260 Booth Square, HOPE VALE, QLD, 4871
Gary, Best, 3027 Kirra Close, ISAACS, ACT, 2607
Bart, Besteliu, 1502 Loddon Crossing, FARRER, ACT, 2607
Terrence, Bey, 1946 Reed Course, TRIGG, WA, 6029
Kanga, Beyer, 3056 Malvern Grove, NELLY BAY, QLD, 4819
Quennell, Bezdek, 2103 Ormond Drive, BIRRIWA, NSW, 2844
Charlotte, Bhansali, 4583 Kipling Crescent, LALLA, TAS, 7267
Alec, Bharwani, 3820 Oberon Crescent, PRESTON, TAS, 7315
Sio, Bibble, 2860 Briggs Esplanade, MILPARINKA, NSW, 2880
Ola, Binbasioglu, 2035 Head Grove, LAUGHTONDALE, NSW, 2775
Jar, Binks, 2240 Oregon Street, STRETTON, QLD, 4116
Seymour, Birkoff, 3178 Monaro Heights, AVENEL, VIC, 3664
Rico, Bisio, 3042 Mason Course, PIRRON YALLOCK, VIC, 3249
Caitlin, Black, 1855 Essex Course, WATERFORD, QLD, 4133
Sirius, Black, 4167 McCubbin Drive, HAY POINT, QLD, 4740
Richard, Blaine, 1397 Pleasant Square, CAPEL RIVER, WA, 6271
Jamilla, Blake, 115 Coolart Concourse, BOYKAMBIL, QLD, 4212
Roj, Blake, 1172 Dickens Crossing, MOUNT RUSSELL, NSW, 2360
Evelia, Blau, 538 Lyons Circle, METCALFE, VIC, 3448
Marcello, Blau, 485 Leura Street, NORTH BEACH, WA, 6020
Audi, Blevins, 1927 Inala  Close, HEBERSHAM, NSW, 2770
Orde, Blevins, 4445 Mount Drive, WEST PERTH, WA, 6005
Moral, Blue, 3612 Tween Crescent, GRIFFIN, QLD, 4503
Christian, Bock, 4630 Kipling Close, MOWBRAY, TAS, 7248
Randall, Boggs, 1685 Jolimont Chase, HENLEY BROOK, WA, 6055
Jacoba, Bonne, 4103 Heath Crescent, FAWKNER, VIC, 3060
Shepherd, Book, 2656 Cypress Concourse, KNOX CITY CENTRE, VIC, 3152
William, Boone, 2393 Kurrajong Course, ORFORD, TAS, 7190
Salvador, Borg, 1863 Torquay Grange, HOBART, TAS, 7000
Ince, Borner, 3910 Glen Highway, MICKLEHAM, VIC, 3064
Krista, Borthwick, 1653 Glenelg Street, ROSS CREEK, VIC, 3351
Celina, Bortolon, 1789 Fitzgerald Walk, METTLER, WA, 6328
Dominique, Boucher, 2368 Napoleon Street, TAMBO UPPER, VIC, 3885
John, Boulton, 1290 Ethel Promenade, WILBINGA, WA, 6041
Gabriel, Bowman, 4292 Karen Grange, CARNGHAM, VIC, 3351
Dave, Bowman, 326 Walter Grange, THEODORE, ACT, 2905
Matthew, Boyden, 635 Reed Grove, SEVEN HILLS, QLD, 4170
Lynn, Bracken, 4038 Page Course, BURREN JUNCTION, NSW, 2386
Sandra, Bradburn, 3840 Chestnut Highway, KIPPAX, ACT, 2615
Cathy, Bradford, 1337 Main Arcade, ALPHINGTON, VIC, 3078
Maxim, Brajlovsky, 3591 Somerset Ridge, BENALLA, VIC, 3673
Milton, Brandau, 2300 Perth Close, RETREAT, TAS, 7254
Annina, Brandel, 4399 Salisbury Heights, KURABY, QLD, 4112
Alexander, Brandtner, 2185 Moore Heights, ERSKINEVILLE, NSW, 2043
Meriadoc, Brandybuck, 4389 Fenwick Chase, SOUTHERN BROOK, WA, 6401
Betty, Brant, 3383 Taunton Plaza, MOUNT TYSON, QLD, 4356
Kalinda, Breen, 2392 Pamela Course, CROYDON, QLD, 4871
Moses, Brennan, 2080 Page Grove, ADELAIDE RIVER, NT, 846
Nathan, Bridger, 1561 Hunter Grange, POPANYINNING, WA, 6309
Daniel, Briggs, 295 Wakefield Arcade, MURRENGENBURG, NSW, 2536
Bobby, Briggs, 110 Orion Arcade, BOUNDARY BEND, VIC, 3599
Jack, Bristow, 1991 Miranda Arcade, ORIENT POINT, NSW, 2540
Sydney, Bristow, 2593 Breen Parade, MUIRLEA, QLD, 4306
Eddie, Brock, 1814 Horne Ridge, KOTUPNA, VIC, 3638
James, Brody, 2840 Page Street, HECTORVILLE, SA, 5073
Debbie, Broots, 469 Cumberland Crescent, NAIRNE, SA, 5252
Nara, Broverman, 659 Falls Chase, LABURNUM, VIC, 3130
Rembrandt, Brown, 1825 Burgess Heights, WENDOREE PARK, NSW, 2250
Charles, Brownlow, 1000 Howitt Concourse, BOUNDARY BEND, VIC, 3599
Cornelius, Bruninghaus, 2901 Hardy Concourse, NORTH IPSWICH, QLD, 4305
Cili, Bub, 1095 Talbot Walk, MACEDON, VIC, 3440
Winifred, Bukle, 2667 Brighton Plaza, MAIDEN GULLY, VIC, 3551
Johhny, Bukowski, 4219 Harper Highway, TOONGABBIE, NSW, 2146
Farkus, Bulkmeyer, 2512 Clarke Close, HANSONVILLE, VIC, 3675
Odetta, Bullock, 866 Dale Road, DONALD, VIC, 3480
Frank, Burnside, 3681 Middleton Crescent, OTAGO, TAS, 7017
Verne, Burstein, 330 Briar Crescent, LLANHERNE, TAS, 7170
Azize, Busse, 3666 Link Crescent, BERTRAM, WA, 6167
Ruby, Buxton, 3458 East Concourse, ELERMORE VALE, NSW, 2287
Sherine, Calderwood, 2438 Kirra Place, DULWICH HILL, NSW, 2203
Logan, Cale, 4583 Coolabah Course, TREVALLYN, NSW, 2421
Jonas, Cale, 1627 Erica Grange, KENILWORTH, QLD, 4574
Jenny, Calendar, 2248 Exhibition Plaza, BELL POST HILL, VIC, 3215
Francine, Calfo, 1830 Keith Circle, HAMPTON, VIC, 3188
Bo, Callaghan, 2394 Lynch Square, LEPPINGTON, NSW, 2171
David, Callan, 1431 Dunlop Avenue, NELSON, NSW, 2765
Lando, Calrissian, 4589 Ballarat Square, WAVELL HEIGHTS, QLD, 4012
Collice, Campisi, 2977 Owen Esplanade, PARKHAM, TAS, 7304
Sheena, Candle, 3675 Glenview Arcade, KINGSTON BEACH, TAS, 7050
Judson, Carbone, 1521 Henty Heights, SHERLOCK, SA, 5301
Jabulani, Carbone, 2472 Grevillea Avenue, IVANHOE, VIC, 3079
Joseph, Carey, 2733 Ethel Alley, BROOWEENA, QLD, 4620
Jonathan, Carnahan, 334 Caroline Crescent, MOUNT CROSBY, QLD, 4306
Evelyn, Carnahan, 4487 Garnett Grove, CLUMP POINT, QLD, 4852
Cinnamon, Carter, 3243 Christine Circle, PERTH, TAS, 7300
Samantha, Carter, 2740 Dakara Circle, GOLDSWORTHY, WA, 6723
Tama, Cartwright, 2516 Robert Road, ST LEONARDS, NSW, 2065
Jim, Carver, 539 Freeman Close, SOUTH GUILDFORD, WA, 6055
Lisa, Casey, 2480 Grattan Ridge, DORROUGHBY, NSW, 2480
Phillip, Cato, 4317 Summit Parade, TICHBORNE, NSW, 2870
Lord, Celeborn, 3025 Boyd Parade, GRACEVILLE EAST, QLD, 4075
Commander, Chakotay, 2165 Brown Square, WEST LAKES, SA, 5021
Allen, Chamberlain, 1404 Agnes Court, WARRA, QLD, 4411
Sarah, Chambers, 1394 Adams Walk, DENNES POINT, TAS, 7150
Tom, Chandler, 4421 Elm Square, VITTORIA, WA, 6230
Asia, Chandrasekaran, 1395 Melba Plaza, GRIMWADE, WA, 6253
Axelle, Chang, 2808 Kimberley Grange, MOUNT RIVERVIEW, NSW, 2774
Christine, Chapel, 789 Fiona Place, LOWLANDS, WA, 6330
Brett, Chase, 981 Plunkett Chase, YUROKE, VIC, 3063
Cordelia, Chase, 738 Miriam Parade, COOPERS PLAINS, QLD, 4108
Clinton, Cheikes, 750 Green Circle, BELLENDEN KER, QLD, 4871
Pavel, Chekov, 650 Kooyong Close, DALBY, QLD, 4405
Landers, Cheng, 3681 Hoddle Crossing, MIDDLEMOUNT, QLD, 4746
Hannibal, Chew, 2808 Brickwood Avenue, GILLENBAH, NSW, 2700
Lizina, Chiavaro, 1794 Highland Grange, VILLAWOOD, NSW, 2163
Paz, Cho, 1990 Broadway Drive, JACUP, WA, 6337
Karston, Chung, 964 Fern Ridge, FLOWERY GULLY, TAS, 7270
Fountain, Chung, 463 Mark Promenade, BASKERVILLE, WA, 6056
Evelina, Churbuck, 557 Waterloo Crescent, DARLINGTON, VIC, 3271
Jovanna, Church, 248 Ascot Close, HOPETOUN, WA, 6348
Moesha, Church, 4525 Omeo Court, LAURA, SA, 5480
Tirza, Ciesielski, 2253 Aquarius Concourse, GABBADAH, WA, 6042
Roz, Clarke, 4530 George Avenue, KINGSVILLE, VIC, 3012
Jayne, Cobb, 3887 Mitchell Crossing, YARRAMBAT, VIC, 3091
Oswald, Cobblepot, 3806 Garnett Promenade, ROSA GLEN, WA, 6285
Mickey, Cohen, 4456 Morton Esplanade, SOUTHTOWN, QLD, 4350
Marcus, Cole, 1328 Latrobe Concourse, UCARTY, WA, 6462
Barney, Collier, 1376 Malmsbury Place, TOOLAKEA, QLD, 4818
Derek, Conway, 2636 Barkly Place, BOORHAMAN NORTH, VIC, 3685
Dale, Cooper, 1882 Corr Esplanade, BALLAYING, WA, 6315
Al, Cooper, 4791 Waratah Close, CUNDLETOWN, NSW, 2430
Magee, Cortes-Rello, 685 Roma Heights, FEDERAL, QLD, 4568
Vir, Cotto, 236 Cecil Crossing, BONANG, VIC, 3888
Keahi, Craddock, 2121 Lambeth Parade, DURREN DURREN, NSW, 2259
Bialar, Crais, 2103 Station Drive, CAMMERAY, NSW, 2062
Billy, Cranston, 1646 Glenview Heights, DARGALONG, VIC, 3608
Jason, Crawford, 362 Dunbar Crescent, LORNE, VIC, 3232
Victor, Creed, 1496 Nicholas Course, GEORGES PLAINS, NSW, 2795
John, Crichton, 19 Williams Esplanade, BERRYBANK, VIC, 3323
Manilow, Crocker, 3789 Guy Street, MOUNT HOPE, NSW, 2877
James, Cross, 228 Blamey Street, MOSSY POINT, NSW, 2537
Klitos, Crowther, 1229 London Grange, CRESWICK, VIC, 3363
Beverly, Crusher, 1744 Bernard Drive, NEWPORT BEACH, NSW, 2106
Wesley, Crusher, 1541 Casey Parade, MOGAREEKA, NSW, 2550
Bob, Cryer, 4798 Tarella Course, POREPUNKAH, VIC, 3740
Robbie, Cryer, 2109 Penrith Square, BORUNG, VIC, 3518
Alex, Cullen, 3796 Wade Parade, DONNELLY RIVER, WA, 6255
Smedley, Cummons, 4835 Lincoln Road, ROYAL NORTH SHORE HOSPITAL, NSW, 2065
Walter, Curnow, 4113 Topaz Crescent, COLOSSEUM, QLD, 4677
April, Curtis, 4958 Yvonne Highway, TOLGA, QLD, 4882
Marie, D'Ancanto, 2757 Blair Avenue, DUVERNEY, VIC, 3323
Ka, D'Argo, 610 Carmichael Esplanade, IRISHTOWN, TAS, 7330
Clark, D'Rozario, 3192 Jackson Promenade, TOGARI, TAS, 7330
Geoff, Daly, 2566 Lambeth Grove, JERVOIS, SA, 5259
Alexander, Dane, 4747 Booth Promenade, ABERDEEN, NSW, 2336
Bast, Danna, 3728 Shannon Chase, GLADSTONE, NSW, 2440
Bruno, Dante, 3691 Flinders Grange, WESTON CREEK, ACT, 2611
Kassidy, Dao, 4933 Enfield Crossing, COOBER PEDY, SA, 5723
Fitzwilliam, Darcy, 1894 Crawford Chase, MOUNT VICTORIA, NSW, 2786
Raven, Darkholme, 3377 Hammond Crossing, RANGEVIEW, VIC, 3132
Mike, Dashwood, 166 Kirra Crescent, BARGO, NSW, 2574
Norika, Datta, 17 Finch Court, GOROKAN, NSW, 2263
Synan, Davis, 4376 Lomond Street, TOOMPUP, WA, 6336
Walter, Davis, 677 Harold Parade, PINKENBA, QLD, 4008
Diana, Davis, 1108 Cecil Drive, SPRING HILL, QLD, 4000
Mimi, Davis, 937 Katrina Walk, GLENUNGA, SA, 5064
Ezri, Dax, 1474 Parkside Heights, METZ, NSW, 2350
Jadzia, Dax, 4532 Ellen Course, MULGOA, NSW, 2745
Andrade, de, 2176 Binalong Crossing, LEABROOK, SA, 5068
Francesco, De, 4244 Coolabah Square, YORK, WA, 6302
Sadesky, de, 2735 Bedford Ridge, GASCOYNE JUNCTION, WA, 6705
Mantaras, de, 4229 Shirley Walk, BROWNS CREEK, NSW, 2799
Chris, Deakin, 4779 Beach Concourse, PORT HACKING, NSW, 2229
Rick, Deckard, 3468 Lyons Alley, ARMADALE NORTH, VIC, 3143
Goldie, Delaney, 3759 Officer Avenue, THIRLMERE, NSW, 2572
Maria, DeLuca, 2560 Richardson Grange, WOOMERA, SA, 5720
Gwen, DeMarco, 2819 Lorikeet Avenue, HUMEVALE, VIC, 3757
Arthur, Dent, 2146 Cassia Circle, SMITHFIELD, QLD, 4878
Harvey, Dent, 4000 Fern Promenade, MOUNT NELSON, TAS, 7007
Lawrence, Deon, 4744 Bruce Grove, QUINDALUP, WA, 6281
Rocky, DeSantos, 3747 Campbell Place, LEICHHARDT, QLD, 4305
Hotblack, Desiato, 2012 Penrith Avenue, AVONSLEIGH, VIC, 3782
Gregorio, Di, 1260 Broadway Crossing, WANDILIGONG, VIC, 3744
Antonio, Diego, 4117 Merricks Arcade, SULPHUR CREEK, TAS, 7316
Macha, Dietterich, 1675 Catherine Arcade, VINCENT, QLD, 4814
Gloria, Dinallo, 1739 Dover Promenade, WILLOWS GEMFIELDS, QLD, 4702
Marcus, Dixon, 3045 Griffith Place, ABERGOWRIE, QLD, 4850
John, Doe, 462 Rex Plaza, KILLIECRANKIE, TAS, 7255
John, Doggett, 515 Cyril Grange, GASCOYNE RIVER, WA, 6705
Burke, Donahue, 2017 Canterbury Plaza, ALBERTON, QLD, 4207
Burke, Donahue, 1816 Evans Plaza, EDINBURGH, SA, 5111
Coralia, Dong, 1841 Fitzroy Walk, THOWGLA VALLEY, VIC, 3707
Jonathan, Doors, 1959 Fleming Alley, TELARAH, NSW, 2320
Joshua, Doors, 4751 Hillview Esplanade, BUDDEROO, NSW, 2535
Allen, Doyle, 473 Raymond Ridge, BRINKIN, NT, 810
Antionette, Doyle, 2490 Coventry Crescent, LAKE MACDONALD, QLD, 4563
Mana, Draper, 1519 Hunter Grange, KINGSFORD, NSW, 2032
Xander, Drax, 2778 Swymour Circle, FINKE, NT, 872
Chelsa, Driscoll, 4680 Myrtle Esplanade, BUSHLAND BEACH, QLD, 4818
Ken, Drummond, 2199 Glen Esplanade, RICHLANDS, QLD, 4077
Lyre, Duddley, 849 Xebra Arcade, PERTH, TAS, 7300
Zed, Duddley, 1574 Kimberley Street, GRANYA, VIC, 3701
Nayeli, Dufort, 2564 Peter Drive, BULN BULN, VIC, 3821
Albus, Dumbledore, 3291 Olive Street, CARABAN, WA, 6041
Kamil, Dunston, 935 Brougham Grove, RAINWORTH, QLD, 4065
Petunia, Dursley, 4452 Tea tree Grange, DARRADUP, WA, 6275
Vernon, Dursley, 2668 Fitzroy Heights, CHRISTIE DOWNS, SA, 5164
Malcolm, Eastman, 2369 Clifton Ridge, MACGREGOR, ACT, 2615
Gunnar, Ebranati, 1055 Molesworth Grove, COLYTON, NSW, 2760
Dorinda, Eckerson, 1039 Sitherland Close, MACARTHUR, ACT, 2904
Rane, Eckerson, 1557 Milford Crescent, NUMBULWAR, NT, 852
Taffy, Edwards, 1090 Malmsbury Grange, PURLEWAUGH, NSW, 2357
Max, Eilerson, 3422 Alexander Place, CLEAVERVILLE, WA, 6714
Nicki, Eissa, 4156 Masons Circle, PIESSE BROOK, WA, 6076
Anya, Emerson, 3383 Charles Concourse, SOUTHBROOK, QLD, 4363
Murphy, Ensink, 713 Omeo Parade, CERVANTES, WA, 6511
Lou, Enticott, 3369 Boyds Square, FENTONBURY, TAS, 7140
Max, Evans, 2207 Waterloo Course, CATTAI, NSW, 2756
Phillip, Evans, 4573 Duke Crescent, MOURA, QLD, 4718
Diane, Evans, 3122 Glenelg Place, WONTHAGGI, VIC, 3995
Isabel, Evans, 3280 Gladstone Highway, SWANSEA, TAS, 7190
Arwen, Evenstar, 3619 Empire Place, TOORAK, VIC, 3142
Shaw, Every, 3669 West Walk, BLACK HILL, SA, 5353
Edmund, Exley, 1681 Castle Esplanade, STONYFELL, SA, 5066
Chava, Exposto, 4273 Cassia Ridge, APSLEY, VIC, 3319
Tertius, Eyre, 998 Karen Close, CROOBLE, NSW, 2400
Pebbles, Fabjan, 2411 Brunton Course, OMEO, VIC, 3898
Jonny, Fabris, 4735 Penrith Heights, CORDALBA, QLD, 4660
Halona, Failla, 86 Berkeley Crossing, VICTORY HEIGHTS, WA, 6432
Serenity, Fair, 2377 Blenheim Arcade, WOLUMLA, NSW, 2550
Indra, Falkman, 3473 Close Promenade, VITTORIA, NSW, 2799
Stacia, Farah, 3473 Alfred Place, CORRYONG, VIC, 3707
Nona, Farmer, 767 Brown Avenue, NUMINBAH, NSW, 2484
Arif, Farr, 2367 Fenwick Chase, SEAFORD MEADOWS, SA, 5169
Debby, Farr, 1410 Melrose Circle, BRONTE, NSW, 2024
Ida, Featherston, 85 Norman Course, WELLESLEY, WA, 6233
Suzy, Fei, 4014 Beacon Court, TARNEIT, VIC, 3029
Peregrine, Feret, 239 Lilac Close, WYREEMA, QLD, 4352
Betty, Fernandez, 1003 Pindari Square, PLUMPTON, NSW, 2761
Gazali, Fernandez-Chamizo, 1146 Correa Parade, CARDIGAN, VIC, 3352
Senor, Ferrari, 1475 Deakin Parade, RYLSTONE, NSW, 2849
Kyrene, Fertig, 1074 Chelsea Street, MANDURAH NORTH, WA, 6210
Riley, Finn, 3012 Lowan Crescent, ELLEN GROVE, QLD, 4078
Taima, Finn, 1577 Norwood Course, OUSE, TAS, 7140
Wilson, Fisk, 1066 Molesworth Heights, ARRINO, WA, 6519
Guy, Fleegman, 4556 Endeavour Arcade, VERMONT, VIC, 3133
Marshall, Flinkman, 4252 Armstrong Promenade, BOBIN, NSW, 2429
Cyrus, Flinter, 4202 Ocean Alley, UPPER MOUNT GRAVATT, QLD, 4122
Christopher, Floyd, 2536 Gruyere Parade, HOLBROOK, NSW, 2644
Heywood, Floyd, 4641 Manor Concourse, SANDFLY, TAS, 7150
Caroline, Floyd, 296 Azalea Esplanade, ERADU, WA, 6532
Jonathan, Ford, 2993 Chelsea Grove, WARAMANGA, ACT, 2611
Lemuel, Forward, 3232 Link Place, SUNNY CORNER, NSW, 2454
Lars, Fotinos, 448 Martin Plaza, HOPETOUN, WA, 6348
Sunny, Fotinos, 3510 Dover Grange, YAN YEAN SOUTH, VIC, 3754
Taffy, Fragale, 1615 Tarwin Course, MOUNT KEIRA, NSW, 2500
Stephen, Franklin, 3190 Sydney Parade, ROXBY DOWNS, SA, 5725
Janet, Frasier, 4467 Harold Alley, BOUVARD, WA, 6210
Christine, Frazer, 93 Larch Crossing, GALSTON, NSW, 2159
Wyatt, French, 3449 Horne Court, MODEL FARMS, NSW, 2153
Victor, Fries, 4472 Brunswick Parade, THORNGATE, SA, 5082
Nora, Fries, 3539 Garden Esplanade, MONTANA, TAS, 7304
Kaywinnit, Frye, 3503 Ann Arcade, COORAN, QLD, 4569
Alina, Fuchs, 1776 Cromwell Concourse, CANADIAN, VIC, 3350
China, Fujimoto, 2814 Christmas Grange, ELMHURST, VIC, 3469
Maximos, Funk, 473 Daisy Esplanade, DOVER GARDENS, SA, 5048
Tarana, Funk, 2868 Taunton Ridge, GROVE, TAS, 7109
Beni, Gabor, 3209 Skye Road, HAMILTON, NSW, 2303
Cathy, Gale, 4875 Lalor Walk, BUNTINE, WA, 6613
Technomage, Galen, 1163 Marshall Chase, CARRIETON, SA, 5432
Roy, Galloway, 1113 Fawkner Plaza, KOOTINGAL, NSW, 2352
Samwise, Gamgee, 3465 Evelyn Plaza, DOWERIN, WA, 6461
Olag, Gan, 921 Porter Square, RIVERHILLS, QLD, 4074
Suzy, Ganascia, 439 Cooma Drive, WEE WAA, NSW, 2388
George, Garfield, 4862 Watts Drive, ANDREWS, QLD, 4220
Michael, Garibaldi, 4595 Magnolia Drive, NELIA, QLD, 4816
Amos, Gaskill, 4070 Morgan Grange, NICKOL, WA, 6714
Forrest, Gates, 4705 Camelot Square, ROCKY GULLY, WA, 6397
Lel, Geir, 4292 Grange Street, MOUNT GLORIOUS, QLD, 4520
Trance, Gemini, 2944 Rutland Road, ROSEBERY, NSW, 2018
Chanton, Genest, 2432 Redwood Place, CARRAMAR, NSW, 2163
Bisbee, Georgoulas, 3632 Epsom Parade, CULCAIRN, NSW, 2660
Forbes, Gerrard, 2809 Seaview Grove, GRANTVILLE, VIC, 3984
Gossip, Gerty, 201 Reed Arcade, MOUNT LEWIS, NSW, 2190
Urbain, Giampapa, 18 Greensborough Crescent, BUNGONIA, NSW, 2580
Storm, Gibbs, 1612 Short Avenue, REDPA, TAS, 7330
Matthew, Gideon, 4505 Young Highway, DALRYMPLE HEIGHTS, QLD, 4757
Rupert, Giles, 640 Dawson Arcade, WONGARBON, NSW, 2831
Razor, Gillette, 941 Rebecca Circle, LAJAMANU, NT, 852
Craig, Gilmore, 558 Stephen Avenue, MELBOURNE, VIC, 3000
Danny, Glaze, 3263 Scenic Course, MORIARTY, TAS, 7307
Shalaidah, Gluck, 3689 Hughes Grange, CASTAMBUL, SA, 5076
Thanos, Goddard, 1723 Anzac Grove, MAYBERRY, TAS, 7304
Gina, Gold, 3397 Elizabeth Crossing, BLAIR ATHOL, SA, 5084
Stacey, Goldsmith, 1159 Bath Grange, YALYALUP, WA, 6280
Metea, Gonzalez-Calero, 4562 Martin Promenade, RENMARK SOUTH, SA, 5341
Flash, Gordon, 1010 Kirra Ridge, MALAGA, WA, 6090
Theodore, Gordon, 2110 Emily Road, WONGA BEACH, QLD, 4873
Barbara, Gordon, 448 Sussex Street, HARLAXTON, QLD, 4350
Dom, Gordon, 3301 Bartlett Square, TOORA, VIC, 3962
Leo, Graf, 3353 Baxter Chase, GREAT KEPPEL ISLAND, QLD, 4700
Hermione, Granger, 1344 Erskine Road, CHARLESTOWN, NSW, 2290
Richard, Grayson, 4369 Meadow Arcade, MELLA, TAS, 7330
Legolas, Greenleaf, 3568 Chelsea Street, STRATHERNE, WA, 6309
Alistair, Greig, 1247 Bristol Court, MACCLESFIELD, SA, 5153
Jean, Grey, 4470 Howitt Course, BURLEIGH WATERS, QLD, 4220
Bat, Guano, 4541 Barry Grove, HEATHERBRAE, NSW, 2324
Michael, Guerin, 4573 Glenelg Esplanade, BEULAH, VIC, 3395
Garry, Guerra, 14 Dandenong Walk, ALLWORTH, NSW, 2425
Max, Guevara, 3408 Ethel Walk, BILBUL, NSW, 2680
Charles, Gunn, 2087 Zulu Promenade, PAULLS VALLEY, WA, 6076
Judd, Guttag, 3439 Trentham Promenade, WANDOAN, QLD, 4419
Tasha, Guvenir, 3428 Brentwood Concourse, SANDSTONE POINT, QLD, 4511
Forrester, Hadi, 1733 Dickens Concourse, FLOWERY GULLY, TAS, 7270
Vicky, Hagen, 2028 Tracey Street, BIGGA, NSW, 2583
Rubeus, Hagrid, 681 Grattan Alley, GLEN MERVYN, WA, 6239
Elrond, Half-Elven, 1426 Ray Parade, GAWLER, TAS, 7315
Gag, Halfrunt, 3740 Norwood Promenade, HILLSBOROUGH, NSW, 2320
Margo, Hall, 2120 Dover Concourse, KATOOMBA, NSW, 2780
George, Hammond, 956 Benjamin Avenue, CONGEWAI, NSW, 2325
Rollin, Hand, 3994 Bond Parade, WON WRON, VIC, 3971
Sileas, Hang, 95 Laurel Alley, COLLAROY PLATEAU, NSW, 2097
Marka, Hannington, 1550 Barwon Concourse, WONDUNNA, QLD, 4655
Anika, Hansen, 1569 Spencer Avenue, KIPPAX CENTRE, ACT, 2615
Tess, Harding, 2678 Murphy Concourse, BREAKWATER, VIC, 3219
Sam, Harker, 600 Watts Course, HOBART, TAS, 7000
Lilian, Harper, 372 Turner Grange, ABERFELDY, VIC, 3825
Seamus, Harper, 165 Russell Circle, LAKEMBA, NSW, 2195
Kita, Harper, 4273 Third Chase, BALLADONIA, WA, 6443
Donna, Harris, 1248 Station Arcade, ELMORE, VIC, 3558
Alexander, Harris, 4652 Cardiff Arcade, ADJUNGBILLY, NSW, 2727
Kimberly, Hart, 3051 Olive Arcade, CHAKOLA, NSW, 2630
Elle, Harvey, 3847 Harker Highway, ROSEWATER, SA, 5013
Gad, Hassan, 610 Oberon Square, HASTINGS, WA, 6308
Kenny, Hatcher, 2619 Albert Place, ST JAMES, WA, 6102
Adamma, Hattori, 2441 Ian Place, GISBORNE, VIC, 3437
Winston, Havlock, 3060 Cleeland Promenade, WILGA, WA, 6243
Frank, Hayes, 4259 Ann Place, DUNGOG, NSW, 2420
Billy, Hayes, 4367 Matlock Ridge, MURGON, QLD, 4605
Malcome, Haynes, 2974 Chestnut Road, MORANBAH, QLD, 4744
Donna, Hayward, 899 Avoca Circle, RUBYVALE, QLD, 4702
William, Hayward, 917 Surrey Grange, UNDERCLIFFE, NSW, 2206
Ben, Hayward, 3221 Burton Parade, DARKES FOREST, NSW, 2508
Lonnie, Henderson, 3790 Burnley Walk, THAGOONA, QLD, 4306
Marcella, Henderson, 4800 Foam Parade, POMONA, QLD, 4568
Isabis, Hertz, 3308 Genoa Walk, DUNBOGAN, NSW, 2443
Randilyn, Hicks, 3202 Blakeney Crossing, TANDEGIN, WA, 6415
Kattherine, Hillard, 2473 First Crescent, BALLAN, VIC, 3342
Katie, Hitchcock, 2163 Somerset Square, WARANA, QLD, 4575
Lakia, Hofbauer, 1132 Glenelg Promenade, MONGA, NSW, 2622
Reg, Hollis, 4882 Alice Promenade, LOWER LIGHT, SA, 5501
Kerry, Holmes, 1643 Farm Ridge, PENNINGTON, SA, 5013
Alma, Holte, 2129 Braeside Place, HAMILTON ISLAND, QLD, 4803
Daniel, Holtz, 2013 Quarry Square, FORDS BRIDGE, NSW, 2840
Xiomara, Hooch, 4311 Guy Circle, AVENUE RANGE, SA, 5273
Nasser, Horden, 3809 Degraves Concourse, SHEPPARTON, VIC, 3630
Audrey, Horne, 1092 Miranda Crossing, STOKERS SIDING, NSW, 2484
Benjamin, Horne, 4275 Thomas Concourse, TUMBY BAY, SA, 5605
Laraine, Hou, 975 Lydia Crossing, YANNATHAN, VIC, 3981
Gyala, Howard, 3656 Holden Street, RYLSTONE, NSW, 2849
Venedict, Howard, 427 Wilson Highway, REGENCY PARK, SA, 5010
Brand, Hoy, 3442 Rosella Arcade, DONNELLY RIVER, WA, 6255
Sam, Huang, 3656 Forest Street, CHAPEL HILL, QLD, 4069
Sid, Hudgens, 4263 Cherry Place, STRATHEWEN, VIC, 3099
Oliver, Hudson, 1778 Palmerston Course, LOCKYER WATERS, QLD, 4311
Shoshanah, Hui, 3495 Collins Road, CARROLL, NSW, 2340
Dylan, Hunt, 593 Aster Arcade, ROUCHEL, NSW, 2336
Mateo, Hunter, 981 Balcome Heights, ELRINGTON, NSW, 2325
Phil, Hunter, 3754 Sunset Walk, DROMEDARY, TAS, 7030
Ed, Hurley, 486 Hotham Road, PORMPURAAW, QLD, 4871
James, Hurley, 2168 Campbell Crossing, GRANTVILLE, VIC, 3984
Craig, Hurme, 2233 Balmoral Course, MAWBANNA, TAS, 7321
Richard, Inglewood, 971 Acland Grange, KAMBALDA, WA, 6442
Idalia, Ireland, 4559 Scenic Alley, TRUNDLE, NSW, 2875
Kenneth, Irons, 2293 Garden Road, WAVERLEY, TAS, 7250
Jordan, Ishida, 2248 Dianne Alley, ANNANDALE, QLD, 4814
Pamela, Isley, 1023 Nepean Highway, BACKMEDE, NSW, 2470
Susan, Ivanova, 2987 Morgan Ridge, SIDMOUTH, TAS, 7270
Peter, Jackson, 644 Hardy Avenue, SPRINGWOOD, QLD, 4127
Daniel, Jackson, 2062 Christine Grove, BALWYN NORTH, VIC, 3104
Daunte, Jackson, 1040 Chester Alley, NIRRANDA, VIC, 3268
Saffron, James, 1900 Hayes Place, RICHMOND, NSW, 2753
Jonah, Jameson, 1065 East Grange, WESTBREEN, VIC, 3044
Kathryn, Janeway, 1132 Hopetoun Close, MALLACOOTA, VIC, 3892
Pearly, Jantke, 2799 Greensborough Parade, LYNCHS CREEK, NSW, 2474
Zona, Jappy, 2291 McLeod Road, WAVELL HEIGHTS NORTH, QLD, 4012
Mike, Jarvis, 135 St Georges Alley, CARRAMAR, NSW, 2163
Norma, Jennings, 817 Magnolia Heights, ALLORA, QLD, 4362
Qui-Gon, Jinn, 4514 Scenic Arcade, WOODVIEW, NSW, 2470
Sally, Johnson, 47 Michelle Arcade, LITTLE BAY, NSW, 2036
Shelly, Johnson, 1447 Lord Crossing, DEAN PARK, NSW, 2761
Dysis, Joyce, 2670 Winifred Concourse, EIGHTY MILE BEACH, WA, 6725
Janna, Kalderash, 1435 Benson Place, VALE PARK, SA, 5081
Eddie, Kambhampati, 4012 Canterbury Crossing, GREENVALE, VIC, 3059
Brandon, Kane, 4050 Chelmsford Alley, WORONGARY, QLD, 4213
Kawena, Kansu, 2397 Sixth Heights, GULGONG, NSW, 2852
Nasya, Karacapilidis, 3322 Fleming Street, ATWELL, WA, 6164
Karen, Kawalksi, 2171 Burton Plaza, EUGENANA, TAS, 7310
Debbie, Keane, 2543 Peppermint Grove, BEROWRA WATERS, NSW, 2082
Noreen, Kearne, 3793 Windsor Crossing, NEW BRIGHTON, NSW, 2483
Earl, Kee, 4155 East Circle, MATRAVILLE, NSW, 2036
David, Keel, 951 Davey Road, DYERS CROSSING, NSW, 2429
Warren, Keffer, 4913 Lynch Drive, JERICHO, TAS, 7030
Robert, Kelly, 389 Trafalgar Avenue, CLEVE, SA, 5640
London, Kennedy, 1954 Orana Drive, HERMIT PARK, QLD, 4812
Obi-Wan, Kenobi, 4764 Bronte Circle, MONGOGARIE, NSW, 2470
Clark, Kent, 979 Loddon Promenade, MIDDLE PARK, QLD, 4074
Lok, Kernighan, 3280 Blair Crescent, ROSES TIER, TAS, 7212
Edaline, Kerr, 2977 Potter Parade, CALDER, TAS, 7325
Aida, Kerr, 2042 Osborne Plaza, COEN, QLD, 4871
Brennan, Khemani, 971 Bradley Chase, WURTULLA, QLD, 4575
Ram, Khosla, 2797 Candlebark Walk, YATTALUNGA, NSW, 2251
Jesse, Kiang, 1099 Charles Avenue, DAGGAR HILLS, WA, 6638
Harry, Kim, 2786 Market Circle, WINSTON HILLS, NSW, 2153
Oriel, Kim, 4174 Cook Highway, BURBURGATE, NSW, 2380
Lian, Kincaid, 1693 Baxter Plaza, DALLAS, VIC, 3047
Martin, King, 4421 Mimosa Court, HARRINGTON PARK, NSW, 2567
Tara, King, 1368 Screen Parade, HILLCREST, QLD, 4118
Tanya, Kirbuk, 2238 Clare Crescent, OYSTER BAY, NSW, 2225
Jack, Kirby, 2544 Cuthbert Road, CHIGWELL, TAS, 7011
Darrin, Kirk, 4636 Gibson Drive, DAADENNING CREEK, WA, 6410
James, Kirk, 955 Lane Parade, LOCKYER, WA, 6330
Niall, Kirsch, 2241 Cyril Alley, PARADISE, TAS, 7306
Brian, Kite, 2195 Blair Highway, MARIAN, QLD, 4753
Nick, Klein, 2546 Blyth Court, BALLINA DC, NSW, 2478
Roman, Klein, 2173 Leura Promenade, YOTING, WA, 6383
Michael, Knight, 955 Ascot Grange, BARONGAROOK, VIC, 3249
George, Knightly, 4482 Jackson Highway, ILLOWA, VIC, 3282
Namir, Knoblock, 2766 Lucerne Avenue, BINDI BINDI, WA, 6574
Yuri, Knott, 4086 Racecourse Street, ST PETERS DC, NSW, 2044
Alexander, Knox, 590 Burns Ridge, DECEPTION BAY, QLD, 4508
Max, Koch, 1201 Lilac Arcade, CARLTON SOUTH, VIC, 3053
Kristine, Kochanski, 1978 Brooklyn Avenue, PEEBINGA, SA, 5304
Grady, Kraslawski, 4495 Dorothy Highway, IRON BARON, SA, 5600
Michaela, Krogh, 171 Aquarius Place, PERILLUP, WA, 6324
Fritz, Kunz, 214 Williams Course, CAMS WHARF, NSW, 2281
Fred, Kwan, 3709 Corrigan Crossing, CAULFIELD EAST, VIC, 3145
Trini, Kwan, 1014 Docklands Esplanade, HUNTERS HILL, NSW, 2110
Felton, Kwok, 2658 Cecil Arcade, SUTTON FOREST, NSW, 2577
Selina, Kyle, 513 Ellen Grove, DOBROYD POINT, NSW, 2045
Geordi, LaForge, 3866 Thompson Highway, CUPRONA, TAS, 7316
Mitchell, Laing, 2869 Mitchell Place, ROBINSON, WA, 6330
Darien, Lambert, 3499 Baxter Alley, NORTH BENDIGO, VIC, 3550
Dana, Lambert, 2181 Denham Course, EURAMO, QLD, 4854
Lucian, Lamport, 1280 Walsh Parade, KILLARNEY VALE, NSW, 2261
Lois, Lane, 482 Epsom Course, CORFIELD, QLD, 4733
Trek, Laredo, 2029 Dodds Square, DUNALLEY, TAS, 7177
Ro, Laren, 408 Boronia Crossing, RUSSELL ISLAND, QLD, 4184
Ilsa, Laszlo, 1035 Clifton Grange, ADELAIDE, SA, 5000
Thanh, Le, 3454 Mernda Avenue, NARROGIN VALLEY, WA, 6312
Erik, Lehnsherr, 3809 Benjamin Arcade, MAJORS CREEK, NSW, 2622
Kostya, Leighton, 2918 Keith Grange, FERNDALE, WA, 6148
Saul, LeLouce, 829 Ripon Circle, ELMORE, VIC, 3558
Ranger, Lennier, 672 Blyth Walk, KAROOLA, TAS, 7267
Duncan, Lennox, 1424 Batman Street, KAROOLA, TAS, 7267
Josie, Lester, 1274 Graham Parade, BROADWATER, VIC, 3301
Ross, Leung, 4428 Balcome Arcade, COATESVILLE, VIC, 3165
Jonathan, Levinson, 4530 Avoca Circle, DARKAN, WA, 6392
Jabilo, Levy, 3433 Hammond Promenade, IRONSIDE, QLD, 4067
Taffey, Lewis, 3360 Browning Place, WELSBY, QLD, 4507
Prewitt, Li, 3161 Boyd Road, PALMER, SA, 5237
Philena, Lim, 3659 Edward Court, CARLTON NORTH, VIC, 3054
Elvin, Lincoln, 4900 Camelia Square, OFFICER, VIC, 3809
Tosh, Lines, 1130 Quarry Court, MAITLAND NORTH, NSW, 2320
Dorcas, Linton, 1661 Bond Street, WAGOORA, QLD, 4798
Dave, Lister, 3654 Docklands Circle, TAWONGA SOUTH, VIC, 3698
Dave, Litten, 64 Tarella Avenue, EXFORD, VIC, 3338
Elizabeth, Lochley, 2711 Park Court, BLACKSOIL, QLD, 4306
Ellis, Loew, 528 Hinkler Walk, LOXTON, SA, 5333
Neville, Longbottom, 1273 Dianne Promenade, BEECH FOREST, VIC, 3237
Lyde, Louis, 2586 Dobell Parade, EULEILAH, QLD, 4674
Annick, Lovett, 593 Belmont Chase, CONTINE, WA, 6311
Alfonso, Lowe, 2869 Jade Walk, JOSLIN, SA, 5070
Leonard, Lowther, 3848 Parkside Walk, SCOTT RIVER EAST, WA, 6275
Steve, Loxton, 1020 Boundary Heights, GAPSTED, VIC, 3737
Russom, Luger, 341 Clarendon Walk, CAPERTEE, NSW, 2846
Reza, Lusk, 1775 Claremont Heights, BULLABURRA, NSW, 2784
Bud, Lusti, 2582 Bromley Highway, CASEY, ACT, 2913
Lex, Luthor, 206 Little Circle, NORTH JINDONG, WA, 6280
Dakota, Ly, 4288 Hardy Square, AVONDALE, QLD, 4670
Donald, Lydecker, 506 Scott Place, FINNISS, SA, 5255
Abe, Lyttleton, 4467 Browning Arcade, BUFF POINT, NSW, 2262
Beyla, MacHattie, 2627 Hawthorn Crescent, DANGAR ISLAND, NSW, 2083
Kimball, MacKellar, 1183 Toorak Crossing, MOUNT DIRECTION, TAS, 7252
Louisa, MacKellar, 1045 Elm Parade, RANDALLS BAY, TAS, 7112
Tara, Maclay, 3394 Manna Gum Grove, PEAKHURST HEIGHTS, NSW, 2210
Nerine, MacNeil, 670 School Grove, TREVALLYN, NSW, 2421
Siobhan, MacNeill, 4415 Chelmsford Plaza, YAN YEAN SOUTH, VIC, 3754
Gomer, Madhavan, 2536 Ripon Heights, STANNIFER, NSW, 2369
Julie, Madison, 2663 Bronte Course, KIMBERLEY PARK, QLD, 4128
Tawny, Madison, 569 Zig zag Drive, DARLINGTON POINT, NSW, 2706
Sierra, Maine, 416 Laurel Walk, SEVERNLEA, QLD, 4352
Draco, Malfoy, 2305 Glamis Esplanade, ATWELL, WA, 6164
Colin, Mallory, 2843 Clover Course, WELLINGTON POINT, QLD, 4160
Quinn, Mallory, 1484 Plymouth Grange, SUCCESS, WA, 6164
Amanda, Mallory, 487 Queen Highway, PADDINGTON, NSW, 2021
Lionel, Mandrake, 4852 Riverside Chase, BONNIE ROCK, WA, 6479
Kyleigh, Marefat, 4854 Murphy Walk, MAWSON, TAS, 7151
Oral, Marefat, 4965 Bent Esplanade, CONCORD WEST, NSW, 2138
Lili, Marquette, 1994 Cardiff Promenade, STEIGLITZ, VIC, 3331
Oriole, Marra, 711 Castle Course, THE GAP, QLD, 4061
Sheadon, Marra, 3837 Osborne Parade, METRICUP, WA, 6280
Liz, Marsh, 3561 Stanhope Alley, UNGARRA, SA, 5607
Yardley, Marsh, 4539 Arthur Close, BELLIMBOPINNI, NSW, 2440
Cathy, Marshall, 244 Hamilton Square, LOXTON, SA, 5333
Pete, Martell, 2796 Dobell Place, COLOSSEUM, QLD, 4677
Viv, Martella, 2581 Stafford Grove, POOCHERA, SA, 5655
Catherine, Martens, 1602 Cuthbert Place, YANDILLA, QLD, 4352
Avalon, Martincic, 3198 Kenilworth Heights, NICHOLLS, ACT, 2913
John, Matheson, 2574 Epsom Arcade, THIRLMERE, NSW, 2572
Harry, Maybourne, 250 Hall Concourse, GLEN ALPINE, NSW, 2560
Travis, Mayweather, 3558 Catherine Walk, NORONG, VIC, 3682
Debbie, McAlister, 2140 Abbott Drive, SALONIKA BEACH, QLD, 4740
Yasin, McArthur, 359 Commercial Close, ABINGTON, QLD, 4660
Gary, McCann, 227 Lydia Circle, TOORBUL POINT, QLD, 4511
Jake, McCartey, 4782 Oberon Grange, BRIBBAREE, NSW, 2594
Juji, McCarthy, 2999 Brimbank Street, KUNJIN, WA, 6375
Shea, McCarthy, 4318 Outlook Course, COMO, WA, 6152
Mac, McCartney, 3118 Haig Grove, NATIONAL PARK, TAS, 7140
Terweduwe, McConnell, 2738 Dandenong Close, ANAKIE, QLD, 4702
Leonard, McCoy, 4726 Cornwall Alley, MUCKLEFORD SOUTH, VIC, 3462
Lindsay, McDonald, 3611 Cameron Grove, WYUNA, VIC, 3620
Cynthia, McEachin, 1578 Kooyong Arcade, BRIDGEMAN DOWNS, QLD, 4035
Sera, McFarlane, 114 Commercial Crossing, COWALELLUP, WA, 6336
Minerva, McGonagall, 2713 Smith Highway, CHATSWOOD WEST, NSW, 2067
Claral, McGovern, 2407 William Esplanade, KILSYTH SOUTH, VIC, 3137
Thomas, McGrath, 1224 Barton Plaza, BARRY, NSW, 2799
Sinjin, McIntosh, 2897 Degraves Avenue, KARAKIN, WA, 6044
Kawena, McIntyre, 3978 Peters Ridge, MOUNT LAWLEY, WA, 6050
Tricia, McMillan, 1414 Leopold Drive, GHERINGHAP, VIC, 3331
Jack, Meadows, 4480 Edward Drive, EGLINTON, WA, 6034
Domani, Mehta, 3780 Elizabeth Walk, ANGLE PARK, SA, 5010
Bidelia, Mei, 2830 Fitzgerald Course, WAEEL, WA, 6407
Heather, Meissonnier, 4601 Mills Heights, CARABOST, NSW, 2650
Dana, Mellanby, 613 Diosma Drive, BANDON GROVE, NSW, 2420
Ken, Melvin, 3178 Sandy Alley, SOUTH KALGOORLIE, WA, 6430
Toby, Meres, 4046 Market Circle, MOSS VALE, NSW, 2577
Maximus, Meridus, 4369 Ireland Drive, ALDGATE, SA, 5154
Brent, Meservy, 2944 Cumberland Ridge, TANGALOOMA, QLD, 4025
Sadiki, Mihelakos, 1922 Ascot Highway, WIVENHOE, TAS, 7320
Michele, Mikami, 4110 Sheridan Arcade, DUNKELD, NSW, 2795
Devon, Miles, 3098 Leslie Heights, KAROOLA, TAS, 7267
Jane, Miller, 2768 Brooks Ridge, DROMEDARY, TAS, 7030
Trace, Miller, 132 Dover Grange, EDDERTON, NSW, 2333
Moana, Milroy, 2353 Milford Drive, KENNEDY RANGE, WA, 6701
Victor, Milson, 3750 Melbourne Plaza, MANJIMUP, WA, 6258
Ye, Minton, 4809 Neville Plaza, LAKE KING, WA, 6356
Marvel, Mogro, 2893 Leonard Drive, KATANNING, WA, 6317
Dimitri, Moisevitch, 2876 Summit Grange, BURRINGBAR, NSW, 2483
Andrew, Monroe, 2312 Kalimna Drive, CAMBERWELL, NSW, 2330
Erma, Montgomery, 1519 Cole Promenade, DINMORE, QLD, 4303
Barney, Moon, 15 Olive Walk, PRAIRIE, VIC, 3572
Lucy, Moran, 339 Cromwell Chase, NARRE WARREN NORTH, VIC, 3804
Lilah, Morgan, 3038 Eileen Road, MARION BAY, SA, 5575
Lynne, Morgan, 4119 Merricks Circle, ASHLEY, NSW, 2400
Cissy, Morgan, 382 Royal Crossing, WARMUN, WA, 6743
Jo, Morgan, 1444 Montrose Plaza, CAWDOR, NSW, 2570
Jeffrey, Morooka, 2377 Elaine Avenue, WANDAL, QLD, 4700
Orsen, Morrison, 3317 Barkly Highway, COOBOWIE, SA, 5583
Traelic, Morrow, 4825 Dallas Ridge, FERRYDEN PARK, SA, 5010
Richie, Moser, 676 Northcote Crescent, POONCARIE, NSW, 2648
Zenobia, Moss, 3442 Lime Circle, WOLSELEY, SA, 5269
Marek, Mount, 1172 Candover Heights, NORTH SHIELDS, SA, 5607
Benjy, Mouse, 4041 Panorama Court, TEA GARDENS, NSW, 2324
Merkin, Muffley, 4825 Morton Drive, CESSNOCK WEST, NSW, 2325
Fox, Mulder, 1614 St Georges Grove, WEBBERTON, WA, 6530
Orono, Munroe, 3138 Gregory Close, CHANDLERS HILL, SA, 5159
Matt, Murdock, 2605 Earl Alley, DARGO, VIC, 3862
Tirza, Murdock, 4587 Cook Highway, GREIGS FLAT, NSW, 2549
Jack, Murdock, 2997 Darebin Arcade, MOUNT WILSON, NSW, 2786
Pete, Muswell, 4619 Lilian Heights, CONWAY BEACH, QLD, 4800
Padme, Naberrie, 1942 Essex Close, BELTANA, SA, 5730
Dureena, Nafeel, 2972 Diosma Court, SCOTSBURN, VIC, 3352
Gaurav, Nakhaeizadeh, 4239 Reserve Arcade, NATHALIA, VIC, 3638
Jack, Napier, 3443 Leslie Close, YARRAVILLE WEST, VIC, 3013
Elektra, Natchios, 136 Pioneer Crescent, WOLLOMBI, NSW, 2325
Nikolaos, Natchios, 1789 Beacon Avenue, TAREN POINT, NSW, 2229
Nathaniel, Needle, 1510 Garnett Arcade, DOWSING POINT, TAS, 7010
Franklin, Nelson, 971 Panorama Parade, MALVERN, VIC, 3144
Kira, Nerys, 4417 Orion Road, URALBA, NSW, 2477
Jason, Nesmith, 1507 Smith Drive, EDILLILIE, SA, 5630
Salene, Ng, 3601 Wolseley Walk, CORNWALLIS, NSW, 2756
Lourdes, Nguyen, 2979 Lilian Promenade, COBDEN, VIC, 3266
Atalanta, Nicholson, 2106 Quarry Esplanade, HUGHESDALE, VIC, 3166
Thrine, Nihei, 1709 Browns Avenue, THE UNIVERSITY OF SYDNEY, NSW, 2006
Samantha, Nixon, 3439 Robinsons Promenade, NERANG, QLD, 4211
Ian, Nottingham, 1013 Brentwood Court, EUCUMBENE, NSW, 2628
Hosea, Novick, 4627 Epsom Esplanade, MERINGANDAN, QLD, 4352
Marco, O'Brien, 2882 Head Crossing, BOOLADING, WA, 6392
Miles, O'Brien, 2675 Allison Court, TUROSS HEAD, NSW, 2537
Keiko, O'Brien, 3855 Seaview Course, PORT HUGHES, SA, 5558
Hal, O'Connell, 1809 Rebecca Highway, HUTT STREET, SA, 5000
Rick, O'Connell, 3785 Daphne Crossing, GATTON, QLD, 4343
Jack, O'Neill, 616 Berkeley Crossing, WARILLA, NSW, 2528
Tim, O'Neill, 894 Brooklyn Place, ROBINVALE, VIC, 3549
Kimberly, Oehlmann, 2622 Garnett Esplanade, MILSONS POINT, NSW, 2061
Alyssa, Ogawa, 1695 Country Esplanade, CHANGERUP, WA, 6394
Maleah, Okada, 3472 Fiona Promenade, LEEDERVILLE, WA, 6007
Adam, Okaro, 2269 Mantague Arcade, BEDFORD PARK, SA, 5042
Braima, Okuda, 1264 Young Plaza, CURBAN, NSW, 2827
Madison, Olive, 2518 Blessington Crossing, LYNDON, WA, 6701
Raina, Olive, 2140 Severn Heights, MARANGAROO, WA, 6064
Tommy, Oliver, 261 Kimberley Course, HERNE HILL, WA, 6056
Brad, Ollero, 3675 Olive Heights, ALBION, QLD, 4010
Jimmy, Olsen, 1242 Stradbroke Highway, AUBURN, SA, 5451
Laurie, Opat, 2092 Boyds Highway, FIGTREE, NSW, 2525
Leia, Organa, 395 Wakefield Arcade, ST ANDREWS BEACH, VIC, 3941
Miguel, Ortiz, 1107 Pindari Avenue, CHILDERS, VIC, 3824
Harry, Osborn, 1500 Ryan Promenade, LOCHINVAR, NSW, 2321
Norman, Osborn, 3034 Ferntree Circle, WHITE HILLS, VIC, 3550
Daniel, Osbourne, 3033 Chelsea Crescent, SCARSDALE, VIC, 3351
Gemma, Osbourne, 2230 Colin Ridge, NUMBAA, NSW, 2540
Hussein, Oxley, 3190 Fleming Arcade, MADELEY, WA, 6065
Jocelyn, Packard, 4712 Dunbar Circle, PYRMONT, NSW, 2009
Karen, Page, 4923 Patridge Chase, KERRYDALE, QLD, 4226
Polly, Page, 3610 Balmoral Drive, HABANA, QLD, 4740
Lily, Palmer, 2440 Bailey Parade, BLACK SWAMP, NSW, 2372
Renee, Palmer, 4908 Orrong Road, GUNGAHLIN, ACT, 2912
Laura, Palmer, 2729 Henry Crescent, NETHERCOTE, NSW, 2549
Leland, Palmer, 130 Corrigan Grove, BENOWA, QLD, 4217
Diana, Palmer, 2553 Raymond Arcade, BELLBRAE, VIC, 3228
Flora, Pankakoski, 1125 Trafalgar Place, ASPLEY, QLD, 4034
Renny, Pao, 248 Magnolia Alley, GREENLANDS, NSW, 2330
Clayland, Paola, 3318 Daisy Promenade, GREYS PLAIN, WA, 6701
Tom, Paris, 2102 Third Avenue, RELBIA, TAS, 7258
Gavin, Park, 2307 Tea tree Circle, SILVERWATER, NSW, 2128
Adam, Park, 2739 Creswick Ridge, NARRABRI, NSW, 2390
Miss, Parker, 1069 Bates Esplanade, HENDON, SA, 5014
Peter, Parker, 346 Market Crossing, BOWMANS FOREST, VIC, 3735
Kaikura, Parker, 738 Clayton Promenade, RICHMOND HILL, QLD, 4820
Liz, Parker, 2082 Blamey Road, CASHMERE, QLD, 4500
Catherine, Parker, 3755 Seacomber Chase, CRADOCK, SA, 5432
Geoffrey, Parker, 1498 Bartlett Chase, CORDERING, WA, 6393
Ben, Parker, 2757 Fletcher Course, BAYLES, VIC, 3981
Zulema, Partridge, 3685 Taldra Ridge, POINT PEARCE, SA, 5573
Pierce, Patchett, 798 Creswick Crossing, BACCHUS MARSH, VIC, 3340
Tao, Pawlak, 2262 Tarwin Heights, ROCHFORD, VIC, 3442
Danny, Pearce, 3968 Bowman Street, REYNELLA, SA, 5161
Emma, Peel, 990 Baldwin Court, MASSEY BAY, WA, 6701
Melita, Pegler, 2419 Scenic Grove, NUNAWADING, VIC, 3131
Rachel, Penbroke, 4232 Dakara Drive, PAPPINBARRA, NSW, 2446
Lady, Penelope, 4543 Fenwick Avenue, TEESDALE, VIC, 3328
Mac, Penn, 3912 Peters Parade, MILSONS PASSAGE, NSW, 2083
Tom, Penny, 703 Latham Road, YOUNDEGIN, WA, 6407
Alfred, Pennyworth, 505 Cooma Concourse, TAYLORS ARM, NSW, 2447
Alfred, Pennyworth, 4559 Erin Drive, BOYA, WA, 6056
Alec, Peters, 845 Marshall Course, CANDELO, NSW, 2550
Lucas, Petersen, 3534 Reed Parade, COOMA, NSW, 2630
Hamal, Petrone, 2363 Queensberry Walk, BANKSTOWN, NSW, 2200
Donelle, Pews, 537 Menzies Arcade, TARONGA, TAS, 7053
Sara, Pezzini, 4432 Grange Chase, DURI, NSW, 2344
Jim, Phelps, 3037 Omeo Place, BADGERYS CREEK, NSW, 2171
Christiana, Phillips, 1033 Vincent Close, KEALBA, VIC, 3021
Dr, Phlox, 816 Little Circle, CLINTON, SA, 5570
Jean-Luc, Picard, 2380 Elder Avenue, DURI, NSW, 2344
Tony, Piccolo, 2799 Bradley Chase, ENFIELD, SA, 5085
Piuta, Plumb, 1469 Brisbane Highway, ALMA, WA, 6535
Timberly, Pollwein, 1326 Oxford Grange, CAPE MORETON, QLD, 4025
Frank, Poole, 971 Peppermint Street, MINYIP, VIC, 3392
Sally, Popkin, 3994 Timber Concourse, HARBORD WEST, NSW, 2096
Sumana, Portelli, 2815 Dorothy Heights, THURSDAY ISLAND, QLD, 4875
Harry, Potter, 1541 Rose Grove, WONBOYN, NSW, 2551
Santos, Prabhakar, 2012 Tulip Promenade, JEETHO, VIC, 3945
Chars, Praehofer, 4438 Inglis Street, COPACABANA, NSW, 2251
Ford, Prefect, 1236 Harker Highway, STRATHEDEN, NSW, 2470
Deven, Prior, 545 Wolseley Plaza, ELLERSTON, NSW, 2337
Vida, Prior, 1010 Earl Parade, TIMBOON, VIC, 3268
Tom, Proctor, 1261 Torquay Heights, NORTHCOTE, VIC, 3070
Mrs, Proudfoot, 1988 Cheryl Highway, KATUNGA, VIC, 3640
Everard, Proudfoot, 1373 French Alley, BENGER, WA, 6223
Katherine, Pulaski, 3487 Hartwell Walk, GANMAIN, NSW, 2702
Tacy, Quinlan, 585 Eva Alley, CLYDE, VIC, 3978
Kate, Quinn, 1899 Margaret Street, LEARMONTH, WA, 6707
Jonas, Quinn, 3935 Cuthbert Walk, PIALBA, QLD, 4655
Dave, Quinnan, 1063 Harold Circle, SARINA RANGE, QLD, 4737
Harleen, Quinzel, 4534 Amelia Crossing, BATCHELOR, NT, 845
Susan, Quirk, 2037 East Chase, NEALE, WA, 6440
Slatero, Quirrell, 3233 Morrison Circle, FOREST HILL, QLD, 4342
Makana, Quong, 2419 Molesworth Avenue, PALM BEACH, QLD, 4221
Jessica, Rabbit, 3507 Surrey Ridge, YENDON, VIC, 3352
Roger, Rabbit, 3866 Tea tree Highway, BARRINGUN, NSW, 2840
Sherry, Rager, 4290 Blair Avenue, MAROM CREEK, NSW, 2480
Kaylana, Rahilly, 4047 Blake Street, MOODIARRUP, WA, 6393
William, Raines, 2219 Latham Alley, COOTAMUNDRA, NSW, 2590
Shiela, Ram, 1169 Oxford Road, SHOAL BAY, NSW, 2315
Jesse, Ramirez, 3346 Grant Ridge, MISSION BEACH, QLD, 4852
Raoul, Raoul, 3150 Omeo Concourse, TYAGARAH, NSW, 2481
Lan, Ratcliffe, 4039 Hoddle Plaza, CAMDEN HEAD, NSW, 2443
Brynn, Rawson, 4456 Mills Place, RICHMOND, QLD, 4740
Liz, Rawton, 9 Ascot Grange, ERSKINE, WA, 6210
Dinah, Redmond, 3802 Bedford Walk, RIDGLEY, TAS, 7321
Xinavane, Redmond, 2454 Byron Grove, MOUNT BURR, SA, 5279
Malcolm, Reed, 553 Blakeney Crescent, MALVERN EAST, VIC, 3145
Jesse, Reese, 4645 Third Grange, MUMBULLA MOUNTAIN, NSW, 2550
Lois, Renault, 3420 Oberon Road, MEANDARRA, QLD, 4422
Vila, Restal, 1507 Chelsea Plaza, FULLARTON, SA, 5063
Monica, Reyes, 4783 Cole Crescent, TABLE TOP, NSW, 2640
Malcolm, Reynolds, 4863 Jade Walk, EAST MAITLAND, NSW, 2323
Severino, Reynolds, 382 Dorothy Parade, VICTORY HEIGHTS, WA, 6432
Cass, Rickman, 1934 Tarella Ridge, LAKE MACDONALD, QLD, 4563
William, Riker, 2281 Stringybark Court, APSLEY, TAS, 7030
Paul, Riley, 2052 King Court, KOGARAH BAY, NSW, 2217
Arnold, Rimmer, 205 Nathan Drive, LANSVALE, NSW, 2166
Jack, Ripper, 2206 Braemar Arcade, MITCHELL, NT, 832
Felton, Rivera, 2802 Epsom Concourse, SYLVANIA WATERS, NSW, 2224
Ted, Roach, 3633 Redwood Esplanade, DOLANS BAY, NSW, 2229
Doug, Robert, 1233 Buckingham Highway, SOUTH KEMPSEY, NSW, 2440
Bonaventure, Roberts, 2018 School Drive, CLIFTON BEACH, QLD, 4879
Niabi, Roberts, 4341 Lightwood Arcade, ALLAMBIE HEIGHTS, NSW, 2100
Joe, Robertson, 1455 Screen Walk, MONTAGU BAY, TAS, 7018
Masada, Rodewell, 435 Eileen Highway, HIGH WYCOMBE, WA, 6057
Theodora, Rodger, 1878 Erin Crescent, COLINTON, QLD, 4306
Donato, Rodriguez, 1440 Grandview Concourse, KELSO, QLD, 4815
Ester, Roget, 1461 Reserve Place, EAST VICTORIA PARK, WA, 6101
Reagan, Ronald, 561 Brisbane Grange, ESSENDON NORTH, VIC, 3041
Willow, Rosenberg, 2985 Pope Avenue, HOWRAH, TAS, 7018
Vladimir, Rudenko, 2064 Kimberley Parade, MOUNT TYSON, QLD, 4356
Yamka, Ruggeri, 3739 Adams Heights, MAIDA VALE, WA, 6057
Dominar, Rygel, 2335 Atkinson Road, ST HELENS, VIC, 3285
Mordecai, Sahmbi, 3429 Studley Place, TURNERS MARSH, TAS, 7267
Flavian, Saleh, 237 Inala  Walk, WEST KALGOORLIE, WA, 6430
Marty, Salerno, 2798 Alexander Alley, MALMSBURY, VIC, 3446
Hannan, Salvans, 2054 Irene Square, WESTMEADOWS, VIC, 3049
Elena, Samuelle, 1112 Brighton Crescent, HILTON, WA, 6163
Michael, Samuelle, 3931 Cardiff Walk, BONDI, NSW, 2026
George, Sanderson, 4533 English Grove, HOVEA, WA, 6071
Ronald, Sandoval, 1097 Napoleon Plaza, MANSFIELD, VIC, 3722
Eddie, Santini, 2330 Ocean Crescent, KEWARRA BEACH, QLD, 4879
Belay, Santos, 1173 Waterloo Highway, GALONG, NSW, 2585
Muhammad, Santos, 3673 Dorset Heights, BRAY PARK, QLD, 4500
Mr, Sark, 2303 Austral Place, CLIFTON, WA, 6210
Hoshi, Sato, 2706 Crawford Plaza, KIELPA, SA, 5642
Bob, Schild, 718 Brunton Alley, THURINGOWA CENTRAL, QLD, 4817
Aurorette, Schmitt, 514 Lydia Avenue, SYDNEY AIRPORT, NSW, 2020
Clifton, Schoenauer, 3420 Harold Drive, FORRESTANIA, WA, 6359
Alexis, Sciarrone, 4937 Swan Close, ILFRAVILLE, TAS, 7270
Miss, Scott, 2760 Amelia Arcade, AKAROA, TAS, 7216
Montgomery, Scott, 146 Olsen Course, CURBAN, NSW, 2827
Jason, Scott, 877 Jasper Road, GUNDY, NSW, 2337
Dana, Scully, 4948 Lyle Chase, BELCONNEN, ACT, 2617
Tiaret, Selman, 3384 Boronia Crescent, DUDAWA, WA, 6519
Shakira, Semmens, 2267 Leonard Arcade, BETHANGA, VIC, 3691
Kabai, Sengh, 2159 Patridge Concourse, YARRAWONGA, VIC, 3730
Inara, Serra, 1895 Bowman Ridge, DICKSON, ACT, 2602
Herris, Serrano, 1036 Crawford Esplanade, PALM ISLAND, QLD, 4816
Vega, Sestito, 3785 Osborne Close, FALCON, WA, 6210
Asia, Sharma, 2756 Bates Crossing, BEXLEY NORTH, NSW, 2207
Eva, Sharpe, 3974 Agnes Heights, BECKOM, NSW, 2665
Gabi, Shavlik, 3755 Benjamin Ridge, TARWIN LOWER, VIC, 3956
Nick, Shaw, 588 Jade Chase, NATHAN, QLD, 4111
Lizbeth, Sheeran, 3712 Grevillea Concourse, KALTUKATJARA, NT, 872
John, Sheridan, 399 Burrows Square, BUNDARRA, NSW, 2359
Landen, Sherman, 1768 Head Circle, SAMFORD, QLD, 4520
Maximos, Sherman, 553 Brougham Course, DARLING HEIGHTS, QLD, 4350
Kacy, Shih, 278 Officer Grove, SEAFORD MEADOWS, SA, 5169
Stanislav, Shiri, 3710 Thornton Course, JAMESTOWN, SA, 5491
Vanessa, Shiri, 4585 Buckingham Crescent, MORRISONS, VIC, 3334
Max, Shreck, 3995 Daphne Heights, FRAMLINGHAM, VIC, 3265
Rylee, Shutt, 500 Rotherwood Alley, GAIRDNER, WA, 6337
Cais, Silakoski, 2057 Inala  Esplanade, ENFIELD SOUTH, NSW, 2133
Sergeant, Siler, 3842 Jacaranda Crossing, MARCUS BEACH, QLD, 4573
Weston, Silverstein, 1503 Kenneth Ridge, BAARMUTHA, VIC, 3747
Dionysius, Simina, 1927 Buchanan Chase, BUCKLEY, VIC, 3240
Delaine, Simmons, 1610 Burke Arcade, MOUNT COMPASS, SA, 5210
Serendipity, Simpson, 4864 Meyer Road, DUNMORA, QLD, 4650
Ninon, Sin, 4572 Industrial Course, EDEN, NSW, 2551
April, Singh, 2445 Lane Walk, CHERMSIDE WEST, QLD, 4032
Vik, Singh, 1556 Burnley Esplanade, SEYMOUR, VIC, 3660
Kristine, Sirin, 2469 Michael Chase, DAYLESFORD, VIC, 3460
Malo, Sirin, 235 Cardiff Close, BICHENO, TAS, 7215
Benjamin, Sisko, 3810 Golden Esplanade, CHANDLER, QLD, 4155
Jake, Sisko, 2629 Lomond Ridge, BLAIR ATHOL, SA, 5084
Rod, Skase, 2520 Edith Parade, MARDIE, WA, 6714
Walter, Skinner, 4101 Blair Square, ALEXANDRA BRIDGE, WA, 6288
Eugene, Skullovitch, 4247 Punt Place, WATERFALL GULLY, SA, 5066
Luke, Skywalker, 2989 Bruce Chase, NORTH TAMBORINE, QLD, 4272
Shmi, Skywalker, 200 Trentham Grove, ARTHURVILLE, NSW, 2820
Nick, Slater, 2939 Beatty Chase, KINGSTHORPE, QLD, 4400
Verne, Slattery, 4858 Plunkett Esplanade, ANGASTON, SA, 5353
Arvin, Sloane, 4218 Fawkner Concourse, LAMB ISLAND, QLD, 4184
Kumiko, Smets, 3044 Archer Highway, LENNOX HEAD, NSW, 2478
Nerina, Smets, 4268 Hunter Esplanade, BANKS, ACT, 2906
Venus, Smith, 1265 Lyrebird Concourse, ATTWOOD, VIC, 3049
Wendy, Smith, 2982 Hakea Parade, FORSAYTH, QLD, 4871
Dudley, Smith, 4857 Kenilworth Plaza, DOLANS BAY, NSW, 2229
Tony, Smith, 3882 Matlock Esplanade, CATAGUNYA, TAS, 7140
Agent, Smith, 4756 Streeton Crescent, GLENDEN, QLD, 4743
Dale, Smith, 3922 Stanhope Court, INVERLEIGH, VIC, 3321
Rom, Smollett, 994 Brooks Street, LEWISHAM, NSW, 2049
Severus, Snape, 3442 Lexton Chase, MULLALOO, WA, 6027
Richard, Snyder, 1020 Green Court, JACKSON, QLD, 4426
Han, Solo, 127 Peers Grange, BADDAGINNIE, VIC, 3670
Dyani, Sooriamurthi, 86 Peters Square, ELIZABETH SOUTH, SA, 5112
Kate, Spears, 747 Hillview Circle, BALCATTA, WA, 6021
Shalom, Spence, 4163 Mountain Avenue, INNOT HOT SPRINGS, QLD, 4872
Tyson, Spence, 1045 Eden Grove, MYPOLONGA, SA, 5254
Commander, Spock, 2809 Waratah Heights, SPRING HILL, TAS, 7030
Gaius, Stallings, 1582 Preston Place, ERNEST, QLD, 4214
Tony, Stamp, 2366 Chester Drive, GRETNA, TAS, 7140
Jenna, Stannis, 178 Hardy Place, HURLSTONE PARK, NSW, 2193
Claire, Stanton, 2411 Banyule Promenade, DONGARA, WA, 6525
John, Steed, 4891 Townsend Ridge, BALD RIDGE, NSW, 2795
Ray, Steele, 504 Fairview Parade, MILLBANK, NSW, 2440
Ami, Stephens, 4173 Bunker Arcade, YARRA, NSW, 2580
Zeno, Stephens, 2897 Peers Promenade, SVENSSON HEIGHTS, QLD, 4670
Ugo, Sterling, 2360 Alexander Close, NARRAWONG, VIC, 3285
Dick, Stetmeyer, 3708 Buchan Road, BLAXCELL, NSW, 2142
Tom, Stevens, 357 Montgomery Crossing, BUNDALL, QLD, 4217
Ernst, Stockinger, 1430 Talbot Road, VISTA, SA, 5091
Johhny, Stompanato, 2833 Eagle Parade, PRAIRIE, QLD, 4816
Dr, Strangelove, 3174 High Square, TOWER HILL, VIC, 3283
Pierre, Stranieri, 3521 Cardiff Street, BURNSIDE, SA, 5066
Heinrich, Strasser, 2359 Briar Course, BALLADONIA, WA, 6443
Juliet, Street, 2195 Montana Grange, MARUNGI, VIC, 3634
Paul, Stritch, 3205 Melba Place, HAWKS NEST, NSW, 2324
Alma, Stroustrup, 2472 Ethel Grove, SUTHERLANDS CREEK, VIC, 3331
Aislin, Strube, 3728 Clover Avenue, DEEPWATER, NSW, 2371
Nasya, Sugeno, 588 Eva Close, OLINDA, VIC, 3788
Esmay, Suiza, 1298 Panorama Circle, MONT ALBERT NORTH, VIC, 3129
James, Sullivan, 3994 Ellenvale Concourse, BROOKLYN PARK, SA, 5032
Hikaru, Sulu, 2716 Melton Drive, BEN BUCKLER, NSW, 2026
Joyce, Summers, 3467 Delta Alley, KINDRED, TAS, 7310
Scott, Summers, 4722 Orion Chase, CAMPBELLTOWN DC, NSW, 2560
Buffy, Summers, 1371 Timber Grove, NAR NAR GOON, VIC, 3812
Dawn, Summers, 726 Peers Highway, PARA HILLS, SA, 5096
Aeryn, Sun, 4242 Tarella Parade, MATCHAM, NSW, 2250
Lysa, Supic, 4321 Latham Walk, ANTONYMYRE, WA, 6714
Rhett, Sutherland, 260 Industrial Alley, BRANYAN, QLD, 4670
Po, Sykes, 216 Griffith Square, HUME, ACT, 2620
Tyrone, Szpakowicz, 704 Mernda Drive, THALLON, QLD, 4497
Subcommander, T'Pol, 1142 Wattletree Concourse, PELTON, NSW, 2325
Peter, Taggart, 4824 Birdwood Heights, HARBORD WEST, NSW, 2096
Cameron, Tait, 1390 Ray Drive, MANANGATANG, VIC, 3546
River, Tam, 4582 Jill Course, HURLSTONE PARK, NSW, 2193
Simon, Tam, 4238 Chatham Parade, PICCADILLY, WA, 6430
Del, Tarrant, 173 Canning Grove, COOROY MOUNTAIN, QLD, 4563
Frank, Tate, 4844 Shelley Drive, BINGIE, NSW, 2537
Brigit, Tau, 4232 Miles Arcade, WELLARD, WA, 6170
Eulalie, Tavano, 686 Barton Esplanade, MURGHEBOLUC, VIC, 3221
Des, Taviner, 683 Roslyn Circle, BRUTHEN, VIC, 3885
Zachary, Taylor, 2752 Erica Parade, GREENWOOD, WA, 6024
Eugene, Thompson, 543 Inala  Arcade, TOOLEYBUC, NSW, 2736
Dionysus, Thorpe, 767 Bath Circle, ALEXANDRIA, NSW, 2015
Herbal, Thought, 4245 Knight Heights, SHAY GAP, WA, 6761
Fremont, Thrift, 2580 Peter Promenade, DAVIS, TAS, 7151
Amadeus, Tickle, 3212 Third Plaza, KINGSTON, TAS, 7050
Bradley, Ting, 1146 Augusta Heights, LEXIA, WA, 6065
Will, Tippin, 1132 Philip Grange, CORONET BAY, VIC, 3984
Burke, Todorovski, 1106 Hall Chase, HEPBURN SPRINGS, VIC, 3461
Peregrin, Took, 220 Brunton Parade, MYRTLEBANK, VIC, 3851
B'Elanna, Torres, 4555 Flinders Plaza, JANE BROOK, WA, 6056
Mortimer, Toynbee, 4384 Camelia Highway, RUTLAND, TAS, 7030
Scott, Tracy, 1615 Cyril Arcade, INNALOO, WA, 6018
Virgil, Tracy, 2875 Mitchell Circle, SALISBURY PARK, SA, 5109
Jeff, Tracy, 4826 Balcome Court, KENWICK, WA, 6107
John, Tracy, 3295 Lawrence Square, KINGS CROSS, NSW, 2011
Alan, Tracy, 2695 Carson Esplanade, ABERCORN, QLD, 4627
Gordon, Tracy, 2093 Baker Place, MIRANNIE, NSW, 2330
Deanna, Troi, 59 Candover Concourse, BROWNSVILLE, NSW, 2530
Harry, Truman, 2456 Miriam Plaza, MCKINLAY, QLD, 4823
Alyssa, Tsatsoulis, 1925 Blackwood Place, KINGSTON, TAS, 7050
Virote, Tsatsoulis, 3634 Carbine Square, WALKAWAY, WA, 6528
Charles, Tucker, 3 Country Crescent, LOWDINA, TAS, 7026
Buck, Turgidson, 435 Corr Concourse, LEMNOS, VIC, 3631
Eldon, Tyrell, 4314 Cambridge Arcade, YEERONGPILLY, QLD, 4105
Lt, Uhura, 2372 Neerim Drive, ABERFELDY, VIC, 3825
Kenyon, Ullrich, 1573 Highbury Ridge, BARDON, QLD, 4065
Sveta, Underwood, 4858 Napier Concourse, WONDALGA, NSW, 2729
Ben, Urich, 1302 Birch Grange, MOUNT WILSON, NSW, 2786
Hubble, Urick, 2949 Malvern Square, BARELLAN POINT, QLD, 4306
Vicki, Vale, 3305 Ovens Circle, CHATHAM, NSW, 2430
Kyle, Valenti, 1613 Erin Heights, KARALEE, QLD, 4306
Jim, Valenti, 1228 Gabrielle Parade, KONGORONG, SA, 5291
Beka, Valentine, 4825 South Grange, MOUNT ANKETELL, WA, 6714
Eddie, Valiant, 2462 Tyrone Concourse, RED BLUFF, VIC, 3695
Magnolia, Vancza, 2841 Blair Alley, HAPPY VALLEY, QLD, 4655
Shamara, Vasudevan, 3353 Louise Crossing, NGUNNAWAL, ACT, 2913
Michael, Vaughn, 4849 Olsen Course, SOMERTON, VIC, 3062
Kristin, Vicente, 448 Vincent Plaza, GRIFFITH UNIVERSITY, QLD, 4111
Jack, Vincennes, 2521 Rosalie Ridge, PICTON, NSW, 2571
Kolya, Virkki-Hatakka, 4619 Callander Road, BLACKWOOD CREEK, TAS, 7301
Katharine, Vossos, 3422 Neville Heights, GAWLER, TAS, 7315
Nita, Wah, 2798 Acacia Crescent, WOY WOY, NSW, 2256
Kit, Walker, 742 Josephine Court, APSLAWN, TAS, 7190
Maggie, Walsh, 1455 McKay Course, ORBOST, VIC, 3888
Kyna, Warren, 76 Farmer Square, MURWILLUMBAH DC, NSW, 2484
Zoe, Warren, 1738 Manna Gum Chase, DARNUM, VIC, 3822
Jerry, Warren, 532 Balmoral Concourse, ENSAY, VIC, 3895
Ros, Waterhouse, 571 Oxone Place, FRANKLAND, WA, 6396
Henry, Waternoose, 487 Balcome Avenue, FORREST, WA, 6434
Mary, Watson, 157 Glen Heights, MINCHINBURY, NSW, 2770
Ziv, Watson, 2505 Camelia Parade, STOCKWELL, SA, 5355
Bruce, Wayne, 3589 Kooyong Grange, BEECHWOOD, NSW, 2446
Helena, Wayne, 1470 Clyde Place, DUDAWA, WA, 6519
Mike, Wazowski, 3557 Castle Heights, SUSSEX INLET, NSW, 2540
Mauve, Wearbe, 4648 Clover Alley, AVOCA BEACH, NSW, 2251
Ronald, Weasley, 1493 Charles Avenue, AVOCA, VIC, 3467
Mickey, Webb, 2441 Tara Avenue, WELLARD, WA, 6170
Lorand, Webb, 3277 Regal Plaza, LYNDOCH, SA, 5351
Tommy, Webber, 4746 Chelsea Crescent, PURLEWAUGH, NSW, 2357
Eric, Weiss, 3458 Surrey Promenade, SPRING HILL, QLD, 4000
Wade, Welles, 3610 Marshall Concourse, LOXTON NORTH, SA, 5333
Jimmy, Wells, 852 Beatrics Crescent, COLERAINE, VIC, 3315
Andrew, Wells, 322 Rosalie Esplanade, ASHTON, SA, 5137
Zula, Wentworth, 4288 Mellevue Highway, WARNERS BAY, NSW, 2282
Kristin, Westphalen, 2421 Ellis Course, SEAFORD HEIGHTS, SA, 5169
Emanuel, Wettschereck, 3455 Murray Esplanade, LOCKYER, WA, 6330
Everett, Wharton, 4977 Studley Parade, SNUG, TAS, 7054
Bud, White, 3215 Howitt Promenade, VICTORY HEIGHTS, WA, 6432
Max, Whiting, 4898 Rutland Court, COTTON TREE, QLD, 4558
Alex, Whitman, 3854 Bogong Course, DUNGOWAN, NSW, 2340
Naomi, Wildman, 3663 Bond Square, EILDON, VIC, 3713
Samantha, Wildman, 1698 Lowan Drive, WILLOW TREE, NSW, 2339
Gaby, Wilkie, 4527 Logan Alley, FORTESCUE, WA, 6716
Richard, Wilkins, 2563 Falls Concourse, HOWDEN, TAS, 7054
Morrie, Wills, 1382 Cecil Close, WANDAL, QLD, 4700
Barbara, Wilson, 1888 Osborne Heights, RENOWN PARK, SA, 5008
Carol, Wilson, 498 Power Crossing, ARTHUR RIVER, TAS, 7330
Talia, Winters, 438 McKay Drive, FORTITUDE VALLEY, QLD, 4006
Jefferson, Wirth, 3906 Officer Road, MITCHAM SHOPPING CENTRE, SA, 5062
Melodie, Wisdo, 2462 Balcome Ridge, PENRITH BC, NSW, 2750
Lucas, Wolenczek, 200 Coorong Crossing, IRONBARK, QLD, 4306
Paul, Wolfe, 3815 Tyler Alley, WESTMINSTER, WA, 6061
Sally, Wong, 2037 Neville Promenade, SANDSTONE POINT, QLD, 4511
Danny, Woo, 3717 Webb Promenade, PALMVIEW, QLD, 4553
Oliver, Wood, 113 Coral Road, CEDAR CREEK, QLD, 4520
Jason, Woodrue, 1802 Hill Road, WELSHPOOL, VIC, 3966
Alan, Woods, 3416 Silvan Heights, KINGSTON, VIC, 3364
Di, Worrell, 2062 Pleasant Drive, COUANGALT, VIC, 3437
Jadyn, Wu, 4371 Brooks Esplanade, ROYAL PARK, SA, 5014
Dorinda, Wyckoff, 58 Blyth Road, COMET, QLD, 4702
Wesley, Wyndham-Pryce, 2452 Chifley Circle, ST MARY, QLD, 4570
Charles, Xavier, 2464 Harker Square, LOCCOTA, TAS, 7255
Selas, Xiao, 1657 Emma Plaza, PARKES, NSW, 2870
Morey, Xie, 4708 Casey Road, TUNCESTER, NSW, 2480
Latona, Yager, 2041 Blakeney Road, BARDEN RIDGE, NSW, 2234
Milek, Yamazaki, 1961 Sarah Circle, GULNARE, SA, 5471
Natasha, Yar, 935 Baxter Street, BENDICK MURRELL, NSW, 2803
Socrates, Yasuda, 2991 Edith Close, SEDAN, SA, 5353
Kasidy, Yates, 3063 Crisp Promenade, YASS, NSW, 2582
Tasya, Yates, 2962 Sanders Walk, SANDFORD, VIC, 3312
Kerry, Young, 4262 Fern Crescent, RENNIE, NSW, 2646
Dorcas, Yuen, 560 Daphne Highway, DAISY HILL, QLD, 4127
Hans, Zarkov, 3629 Malcolm Grove, MARYVALE, QLD, 4370
Charlie, Zephro, 2462 George Plaza, DUNTROON, ACT, 2600
Ray, Zephro, 3571 St Kilda Drive, PELHAM, TAS, 7030
Nancy, Zeyer, 355 Hughes Alley, MAUDSLAND, QLD, 4210
Pa'u, Zhaan, 3159 Rowan Grove, GREENHILLS, NSW, 2323
Dominique, Zhao, 350 Waratah Grove, HEDLEY, VIC, 3967
Liang, Zito-Wolf, 4714 Binalong Parade, URIARRA, ACT, 2611
Tora, Ziyal, 3553 Madden Esplanade, WOODBRIDGE, WA, 6056
Garvey, Zoch, 4815 Baxter Course, LAKE CONJOLA, NSW, 2539
Lothar, Zogg, 2924 Rowan Close, CROWTHER, NSW, 2803
Zola, Zuckerman, 4062 Peter Place, MOLENDINAR, QLD, 4214
